,lat,long,sm_plate_age,reconstruction_time,sm_length_km,sm_gradient,sm_slope
0,20.000001,-64,0.0,0,111.19508372419142,1.28,86.87115915952454
1,20.0,-63.999999,0.0,0,111.19508372419142,1.28,86.87115915952454
2,19.000001,-63,0.0,0,111.19508372419142,1.28,86.87115915952454
3,19.000001,-62,0.0,0,111.19508372419142,1.28,86.87115915952454
4,19.000001,-61,0.0,0,111.19508372419142,1.28,86.87115915952454
5,19.0,-60.999999,0.0,0,111.19508372419142,1.28,86.87115915952454
6,18.000001,-60,0.0,0,111.19508372419142,1.28,86.87115915952454
7,18.0,-59.999999,0.0,0,111.19508372419142,1.28,86.87115915952454
8,17.0,-59.999999,0.0,0,111.19508372419142,1.28,86.87115915952454
9,16.000001,-59,0.0,0,111.19508372419142,1.28,86.87115915952454
10,16.0,-58.999999,0.0,0,111.19508372419142,1.28,86.87115915952454
11,15.000001000000001,-58,0.0,0,111.19508372419142,1.28,86.87115915952454
12,15.0,-57.999999,0.0,0,111.19508372419142,1.28,86.87115915952454
13,14.0,-57.999999,0.0,0,111.19508372419142,1.28,86.87115915952454
14,13.0,-57.999999,0.0,0,111.19508372419142,1.28,86.87115915952454
15,12.0,-57.999999,0.0,0,111.19508372419142,1.28,86.87115915952454
16,11.0,-57.999999,0.0,0,111.19508372419142,1.28,86.87115915952454
17,10.999999,-58,0.0,0,111.19508372419142,1.28,86.87115915952454
18,10.0,-58.999999,0.0,0,111.19508372419142,1.28,86.87115915952454
19,9.0,-58.999999,0.0,0,111.19508372419142,1.28,86.87115915952454
20,8.000001,-58,0.0,0,111.19508372419142,1.28,86.87115915952454
21,8.0,-57.999999,0.0,0,111.19508372419142,1.28,86.87115915952454
22,-53.000001,-75,0.0,0,111.19508372419142,1.28,86.87115915952454
23,-53.0,-75.000001,0.0,0,111.19508372419142,1.28,86.87115915952454
24,-52.0,-75.000001,0.0,0,111.19508372419142,1.28,86.87115915952454
25,-51.000001,-76,0.0,0,111.19508372419142,1.28,86.87115915952454
26,-51.0,-76.000001,0.0,0,111.19508372419142,1.28,86.87115915952454
27,-50.0,-76.000001,0.0,0,111.19508372419142,1.28,86.87115915952454
28,-49.0,-76.000001,0.0,0,111.19508372419142,1.28,86.87115915952454
29,-48.0,-76.000001,0.0,0,111.19508372419142,1.28,86.87115915952454
30,-47.0,-76.000001,0.0,0,111.19508372419142,1.28,86.87115915952454
31,-46.999999,-76,0.0,0,111.19508372419142,1.28,86.87115915952454
32,-46.0,-75.000001,0.0,0,111.19508372419142,1.28,86.87115915952454
33,-45.0,-75.000001,0.0,0,111.19508372419142,1.28,86.87115915952454
34,-44.0,-75.000001,0.0,0,111.19508372419142,1.28,86.87115915952454
35,-43.0,-75.000001,0.0,0,111.19508372419142,1.28,86.87115915952454
36,-42.0,-75.000001,0.0,0,111.19508372419142,1.28,86.87115915952454
37,-41.0,-75.000001,0.0,0,111.19508372419142,1.28,86.87115915952454
38,-40.0,-75.000001,0.0,0,111.19508372419142,1.28,86.87115915952454
39,-39.999999,-75,0.0,0,111.19508372419142,1.28,86.87115915952454
40,-39.0,-74.000001,0.0,0,111.19508372419142,1.28,86.87115915952454
41,-38.0,-74.000001,0.0,0,111.19508372419142,1.28,86.87115915952454
42,-37.0,-74.000001,0.0,0,111.19508372419142,1.28,86.87115915952454
43,-36.0,-74.000001,0.0,0,111.19508372419142,1.28,86.87115915952454
44,-35.999999,-74,0.0,0,111.19508372419142,1.28,86.87115915952454
45,-35.0,-73.000001,0.0,0,111.19508372419142,1.28,86.87115915952454
46,-34.0,-73.000001,0.0,0,111.19508372419142,1.28,86.87115915952454
47,-33.999999,-73,0.0,0,111.19508372419142,1.28,86.87115915952454
48,-33.0,-72.000001,0.0,0,111.19508372419142,1.28,86.87115915952454
49,-32.0,-72.000001,0.0,0,111.19508372419142,1.28,86.87115915952454
50,-31.0,-72.000001,0.0,0,111.19508372419142,1.28,86.87115915952454
51,-30.0,-72.000001,0.0,0,111.19508372419142,1.28,86.87115915952454
52,-29.0,-72.000001,0.0,0,111.19508372419142,1.28,86.87115915952454
53,-28.999999,-72,0.0,0,111.19508372419142,1.28,86.87115915952454
54,-28.0,-71.000001,0.0,0,111.19508372419142,1.28,86.87115915952454
55,-27.0,-71.000001,0.0,0,111.19508372419142,1.28,86.87115915952454
56,-26.0,-71.000001,0.0,0,111.19508372419142,1.28,86.87115915952454
57,-25.0,-71.000001,0.0,0,111.19508372419142,1.28,86.87115915952454
58,-24.0,-71.000001,0.0,0,111.19508372419142,1.28,86.87115915952454
59,-23.0,-71.000001,0.0,0,111.19508372419142,1.28,86.87115915952454
60,-22.0,-71.000001,0.0,0,111.19508372419142,1.28,86.87115915952454
61,-21.0,-71.000001,0.0,0,111.19508372419142,1.28,86.87115915952454
62,-20.0,-71.000001,0.0,0,111.19508372419142,1.28,86.87115915952454
63,-19.0,-71.000001,0.0,0,111.19508372419142,1.28,86.87115915952454
64,-18.000001,-72,0.0,0,111.19508372419142,1.28,86.87115915952454
65,-18.0,-72.000001,0.0,0,111.19508372419142,1.28,86.87115915952454
66,-17.000001,-73,0.0,0,111.19508372419142,1.28,86.87115915952454
67,-17.000001,-74,0.0,0,111.19508372419142,1.28,86.87115915952454
68,-17.0,-74.000001,0.0,0,111.19508372419142,1.28,86.87115915952454
69,-16.000001,-75,0.0,0,111.19508372419142,1.28,86.87115915952454
70,-16.0,-75.000001,0.0,0,111.19508372419142,1.28,86.87115915952454
71,-15.000001000000001,-76,0.0,0,111.19508372419142,1.28,86.87115915952454
72,-15.0,-76.000001,0.0,0,111.19508372419142,1.28,86.87115915952454
73,-14.000001000000001,-77,0.0,0,111.19508372419142,1.28,86.87115915952454
74,-14.0,-77.000001,0.0,0,111.19508372419142,1.28,86.87115915952454
75,-13.000001,-78,0.0,0,111.19508372419142,1.28,86.87115915952454
76,-13.0,-78.000001,0.0,0,111.19508372419142,1.28,86.87115915952454
77,-12.000001,-79,0.0,0,111.19508372419142,1.28,86.87115915952454
78,-12.0,-79.000001,0.0,0,111.19508372419142,1.28,86.87115915952454
79,-11.0,-79.000001,0.0,0,111.19508372419142,1.28,86.87115915952454
80,-10.000001,-80,0.0,0,111.19508372419142,1.28,86.87115915952454
81,-10.0,-80.000001,0.0,0,111.19508372419142,1.28,86.87115915952454
82,-9.0,-80.000001,0.0,0,111.19508372419142,1.28,86.87115915952454
83,-8.000001,-81,0.0,0,111.19508372419142,1.28,86.87115915952454
84,-8.0,-81.000001,0.0,0,111.19508372419142,1.28,86.87115915952454
85,-7.0,-81.000001,0.0,0,111.19508372419142,1.28,86.87115915952454
86,-6.0,-81.000001,0.0,0,111.19508372419142,1.28,86.87115915952454
87,-5.0,-81.000001,0.0,0,111.19508372419142,1.28,86.87115915952454
88,-4.0,-81.000001,0.0,0,111.19508372419142,1.28,86.87115915952454
89,-3.0,-81.000001,0.0,0,111.19508372419142,1.28,86.87115915952454
90,-2.0,-81.000001,0.0,0,111.19508372419142,1.28,86.87115915952454
91,-1.0,-81.000001,0.0,0,111.19508372419142,1.28,86.87115915952454
92,-0.9999990000010001,-81,0.0,0,111.19508372419142,1.28,86.87115915952454
93,0.0,-80.000001,0.0,0,111.19508372419142,1.28,86.87115915952454
94,1.0,-80.000001,0.0,0,111.19508372419142,1.28,86.87115915952454
95,2.0,-80.000001,0.0,0,111.19508372419142,1.28,86.87115915952454
96,2.0000009999999997,-80,0.0,0,111.19508372419142,1.28,86.87115915952454
97,3.0,-79.000001,0.0,0,111.19508372419142,1.28,86.87115915952454
98,3.0000009999999997,-79,0.0,0,111.19508372419142,1.28,86.87115915952454
99,4.0,-78.000001,0.0,0,111.19508372419142,1.28,86.87115915952454
100,5.0,-78.000001,0.0,0,111.19508372419142,1.28,86.87115915952454
101,6.0,-78.000001,0.0,0,111.19508372419142,1.28,86.87115915952454
102,7.0,-78.000001,0.0,0,111.19508372419142,1.28,86.87115915952454
103,7.999999000000001,-79,0.0,0,111.19508372419142,1.28,86.87115915952454
104,7.999999000000001,-80,0.0,0,111.19508372419142,1.28,86.87115915952454
105,7.0,-80.999999,0.0,0,111.19508372419142,1.28,86.87115915952454
106,6.999999000000001,-81,0.0,0,111.19508372419142,1.28,86.87115915952454
107,7.0,-81.000001,0.0,0,111.19508372419142,1.28,86.87115915952454
108,7.999999000000001,-82,0.0,0,111.19508372419142,1.28,86.87115915952454
109,7.999999000000001,-83,0.0,0,111.19508372419142,1.28,86.87115915952454
110,8.0,-83.000001,0.0,0,111.19508372419142,1.28,86.87115915952454
111,8.999999,-84,0.0,0,111.19508372419142,1.28,86.87115915952454
112,9.0,-84.000001,0.0,0,111.19508372419142,1.28,86.87115915952454
113,9.999999,-85,0.0,0,111.19508372419142,1.28,86.87115915952454
114,9.999999,-86,0.0,0,111.19508372419142,1.28,86.87115915952454
115,10.0,-86.000001,0.0,0,111.19508372419142,1.28,86.87115915952454
116,10.999999,-87,0.0,0,111.19508372419142,1.28,86.87115915952454
117,11.0,-87.000001,0.0,0,111.19508372419142,1.28,86.87115915952454
118,11.999999,-88,0.0,0,111.19508372419142,1.28,86.87115915952454
119,11.999999,-89,0.0,0,111.19508372419142,1.28,86.87115915952454
120,12.0,-89.000001,0.0,0,111.19508372419142,1.28,86.87115915952454
121,12.999999,-90,0.0,0,111.19508372419142,1.28,86.87115915952454
122,12.999999,-91,0.0,0,111.19508372419142,1.28,86.87115915952454
123,13.0,-91.000001,0.0,0,111.19508372419142,1.28,86.87115915952454
124,13.999998999999999,-92,0.0,0,111.19508372419142,1.28,86.87115915952454
125,13.999998999999999,-93,0.0,0,111.19508372419142,1.28,86.87115915952454
126,14.0,-93.000001,0.0,0,111.19508372419142,1.28,86.87115915952454
127,14.999998999999999,-94,0.0,0,111.19508372419142,1.28,86.87115915952454
128,14.999998999999999,-95,0.0,0,111.19508372419142,1.28,86.87115915952454
129,15.0,-95.000001,0.0,0,111.19508372419142,1.28,86.87115915952454
130,15.999998999999999,-96,0.0,0,111.19508372419142,1.28,86.87115915952454
131,15.999998999999999,-97,0.0,0,111.19508372419142,1.28,86.87115915952454
132,15.999998999999999,-98,0.0,0,111.19508372419142,1.28,86.87115915952454
133,15.999998999999999,-99,0.0,0,111.19508372419142,1.28,86.87115915952454
134,16.0,-99.000001,0.0,0,111.19508372419142,1.28,86.87115915952454
135,16.999999,-100,0.0,0,111.19508372419142,1.28,86.87115915952454
136,16.999999,-101,0.0,0,111.19508372419142,1.28,86.87115915952454
137,16.999999,-102,0.0,0,111.19508372419142,1.28,86.87115915952454
138,17.0,-102.000001,0.0,0,111.19508372419142,1.28,86.87115915952454
139,17.999999,-103,0.0,0,111.19508372419142,1.28,86.87115915952454
140,17.999999,-104,0.0,0,111.19508372419142,1.28,86.87115915952454
141,18.0,-104.000001,0.0,0,111.19508372419142,1.28,86.87115915952454
142,18.999999,-105,0.0,0,111.19508372419142,1.28,86.87115915952454
143,19.0,-105.000001,0.0,0,111.19508372419142,1.28,86.87115915952454
144,19.999999,-106,0.0,0,111.19508372419142,1.28,86.87115915952454
145,20.0,-106.000001,0.0,0,111.19508372419142,1.28,86.87115915952454
146,21.0,-106.000001,0.0,0,111.19508372419142,1.28,86.87115915952454
147,21.999999,-107,0.0,0,111.19508372419142,1.28,86.87115915952454
148,22.0,-107.000001,0.0,0,111.19508372419142,1.28,86.87115915952454
149,23.0,-107.000001,0.0,0,111.19508372419142,1.28,86.87115915952454
150,23.999999,-108,0.0,0,111.19508372419142,1.28,86.87115915952454
151,37.999999,-123,0.0,0,111.19508372419142,1.28,86.87115915952454
152,38.0,-123.000001,0.0,0,111.19508372419142,1.28,86.87115915952454
153,38.999999,-124,0.0,0,111.19508372419142,1.28,86.87115915952454
154,39.0,-124.000001,0.0,0,111.19508372419142,1.28,86.87115915952454
155,40.0,-124.000001,0.0,0,111.19508372419142,1.28,86.87115915952454
156,40.999999,-125,0.0,0,111.19508372419142,1.28,86.87115915952454
157,41.0,-125.000001,0.0,0,111.19508372419142,1.28,86.87115915952454
158,42.0,-125.000001,0.0,0,111.19508372419142,1.28,86.87115915952454
159,43.0,-125.000001,0.0,0,111.19508372419142,1.28,86.87115915952454
160,44.0,-125.000001,0.0,0,111.19508372419142,1.28,86.87115915952454
161,45.0,-125.000001,0.0,0,111.19508372419142,1.28,86.87115915952454
162,46.0,-125.000001,0.0,0,111.19508372419142,1.28,86.87115915952454
163,47.0,-125.000001,0.0,0,111.19508372419142,1.28,86.87115915952454
164,47.999999,-126,0.0,0,111.19508372419142,1.28,86.87115915952454
165,48.0,-126.000001,0.0,0,111.19508372419142,1.28,86.87115915952454
166,48.999999,-127,0.0,0,111.19508372419142,1.28,86.87115915952454
167,49.0,-127.000001,0.0,0,111.19508372419142,1.28,86.87115915952454
168,49.999999,-128,0.0,0,111.19508372419142,1.28,86.87115915952454
169,50.0,-128.000001,0.0,0,111.19508372419142,1.28,86.87115915952454
170,50.999999,-129,0.0,0,111.19508372419142,1.28,86.87115915952454
171,50.999999,-130,0.0,0,111.19508372419142,1.28,86.87115915952454
172,51.0,-130.000001,0.0,0,111.19508372419142,1.28,86.87115915952454
173,51.999999,-131,0.0,0,111.19508372419142,1.28,86.87115915952454
174,52.0,-131.000001,0.0,0,111.19508372419142,1.28,86.87115915952454
175,52.999999,-132,0.0,0,111.19508372419142,1.28,86.87115915952454
176,53.0,-132.000001,0.0,0,111.19508372419142,1.28,86.87115915952454
177,53.999999,-133,0.0,0,111.19508372419142,1.28,86.87115915952454
178,58.999999,-140,0.0,0,111.19508372419142,1.28,86.87115915952454
179,58.999999,-141,0.0,0,111.19508372419142,1.28,86.87115915952454
180,58.999999,-142,0.0,0,111.19508372419142,1.28,86.87115915952454
181,58.999999,-143,0.0,0,111.19508372419142,1.28,86.87115915952454
182,59.0,-143.000001,0.0,0,111.19508372419142,1.28,86.87115915952454
183,59.999999,-144,0.0,0,111.19508372419142,1.28,86.87115915952454
184,59.0,-144.999999,0.0,0,111.19508372419142,1.28,86.87115915952454
185,58.999999,-145,0.0,0,111.19508372419142,1.28,86.87115915952454
186,58.999999,-146,0.0,0,111.19508372419142,1.28,86.87115915952454
187,58.0,-146.999999,0.0,0,111.19508372419142,1.28,86.87115915952454
188,57.999999,-147,0.0,0,111.19508372419142,1.28,86.87115915952454
189,57.999999,-148,0.0,0,111.19508372419142,1.28,86.87115915952454
190,57.0,-148.999999,0.0,0,111.19508372419142,1.28,86.87115915952454
191,56.999999,-149,0.0,0,111.19508372419142,1.28,86.87115915952454
192,56.999999,-150,0.0,0,111.19508372419142,1.28,86.87115915952454
193,56.0,-150.999999,0.0,0,111.19508372419142,1.28,86.87115915952454
194,55.999999,-151,0.0,0,111.19508372419142,1.28,86.87115915952454
195,55.999999,-152,0.0,0,111.19508372419142,1.28,86.87115915952454
196,55.999999,-153,0.0,0,111.19508372419142,1.28,86.87115915952454
197,55.0,-153.999999,0.0,0,111.19508372419142,1.28,86.87115915952454
198,54.999999,-154,0.0,0,111.19508372419142,1.28,86.87115915952454
199,54.999999,-155,0.0,0,111.19508372419142,1.28,86.87115915952454
200,54.999999,-156,0.0,0,111.19508372419142,1.28,86.87115915952454
201,54.999999,-157,0.0,0,111.19508372419142,1.28,86.87115915952454
202,55.0,-157.000001,0.0,0,111.19508372419142,1.28,86.87115915952454
203,55.999999,-158,0.0,0,111.19508372419142,1.28,86.87115915952454
204,55.0,-158.999999,0.0,0,111.19508372419142,1.28,86.87115915952454
205,54.999999,-159,0.0,0,111.19508372419142,1.28,86.87115915952454
206,54.999999,-160,0.0,0,111.19508372419142,1.28,86.87115915952454
207,54.999999,-161,0.0,0,111.19508372419142,1.28,86.87115915952454
208,54.999999,-162,0.0,0,111.19508372419142,1.28,86.87115915952454
209,54.0,-162.999999,0.0,0,111.19508372419142,1.28,86.87115915952454
210,53.999999,-163,0.0,0,111.19508372419142,1.28,86.87115915952454
211,53.999999,-164,0.0,0,111.19508372419142,1.28,86.87115915952454
212,53.999999,-165,0.0,0,111.19508372419142,1.28,86.87115915952454
213,53.0,-165.999999,0.0,0,111.19508372419142,1.28,86.87115915952454
214,52.999999,-166,0.0,0,111.19508372419142,1.28,86.87115915952454
215,52.999999,-167,0.0,0,111.19508372419142,1.28,86.87115915952454
216,52.999999,-168,0.0,0,111.19508372419142,1.28,86.87115915952454
217,52.999999,-169,0.0,0,111.19508372419142,1.28,86.87115915952454
218,52.0,-169.999999,0.0,0,111.19508372419142,1.28,86.87115915952454
219,51.999999,-170,0.0,0,111.19508372419142,1.28,86.87115915952454
220,51.999999,-171,0.0,0,111.19508372419142,1.28,86.87115915952454
221,51.0,-171.999999,0.0,0,111.19508372419142,1.28,86.87115915952454
222,50.999999,-172,0.0,0,111.19508372419142,1.28,86.87115915952454
223,50.999999,-173,0.0,0,111.19508372419142,1.28,86.87115915952454
224,50.999999,-174,0.0,0,111.19508372419142,1.28,86.87115915952454
225,50.999999,-175,0.0,0,111.19508372419142,1.28,86.87115915952454
226,50.999999,-176,0.0,0,111.19508372419142,1.28,86.87115915952454
227,50.999999,-177,0.0,0,111.19508372419142,1.28,86.87115915952454
228,50.999999,-178,0.0,0,111.19508372419142,1.28,86.87115915952454
229,50.999999,-179,0.0,0,111.19508372419142,1.28,86.87115915952454
230,51.0,-179.000001,0.0,0,111.19508372419142,1.28,86.87115915952454
231,51.999999,180,0.0,0,111.19508372419142,1.28,86.87115915952454
232,51.0,179.000001,0.0,0,111.19508372419142,1.28,86.87115915952454
233,50.999999,179,0.0,0,111.19508372419142,1.28,86.87115915952454
234,50.999999,178,0.0,0,111.19508372419142,1.28,86.87115915952454
235,50.999999,177,0.0,0,111.19508372419142,1.28,86.87115915952454
236,50.999999,176,0.0,0,111.19508372419142,1.28,86.87115915952454
237,50.999999,175,0.0,0,111.19508372419142,1.28,86.87115915952454
238,51.0,174.999999,0.0,0,111.19508372419142,1.28,86.87115915952454
239,51.999999,174,0.0,0,111.19508372419142,1.28,86.87115915952454
240,51.999999,173,0.0,0,111.19508372419142,1.28,86.87115915952454
241,51.999999,172,0.0,0,111.19508372419142,1.28,86.87115915952454
242,52.0,171.999999,0.0,0,111.19508372419142,1.28,86.87115915952454
243,52.999999,171,0.0,0,111.19508372419142,1.28,86.87115915952454
244,52.999999,170,0.0,0,111.19508372419142,1.28,86.87115915952454
245,53.0,169.999999,0.0,0,111.19508372419142,1.28,86.87115915952454
246,53.999999,169,0.0,0,111.19508372419142,1.28,86.87115915952454
247,53.999999,168,0.0,0,111.19508372419142,1.28,86.87115915952454
248,54.0,167.999999,0.0,0,111.19508372419142,1.28,86.87115915952454
249,54.999999,167,0.0,0,111.19508372419142,1.28,86.87115915952454
250,54.999999,166,0.0,0,111.19508372419142,1.28,86.87115915952454
251,55.0,165.999999,0.0,0,111.19508372419142,1.28,86.87115915952454
252,55.999999,165,0.0,0,111.19508372419142,1.28,86.87115915952454
253,55.0,164.000001,0.0,0,111.19508372419142,1.28,86.87115915952454
254,54.999999,164,0.0,0,111.19508372419142,1.28,86.87115915952454
255,54.0,163.000001,0.0,0,111.19508372419142,1.28,86.87115915952454
256,53.999999,163,0.0,0,111.19508372419142,1.28,86.87115915952454
257,53.0,162.000001,0.0,0,111.19508372419142,1.28,86.87115915952454
258,52.999999,162,0.0,0,111.19508372419142,1.28,86.87115915952454
259,52.999999,161,0.0,0,111.19508372419142,1.28,86.87115915952454
260,52.0,160.000001,0.0,0,111.19508372419142,1.28,86.87115915952454
261,51.999999,160,0.0,0,111.19508372419142,1.28,86.87115915952454
262,51.0,159.000001,0.0,0,111.19508372419142,1.28,86.87115915952454
263,50.999999,159,0.0,0,111.19508372419142,1.28,86.87115915952454
264,50.0,158.000001,0.0,0,111.19508372419142,1.28,86.87115915952454
265,49.999999,158,0.0,0,111.19508372419142,1.28,86.87115915952454
266,49.0,157.000001,0.0,0,111.19508372419142,1.28,86.87115915952454
267,48.999999,157,0.0,0,111.19508372419142,1.28,86.87115915952454
268,48.999999,156,0.0,0,111.19508372419142,1.28,86.87115915952454
269,48.0,155.000001,0.0,0,111.19508372419142,1.28,86.87115915952454
270,47.999999,155,0.0,0,111.19508372419142,1.28,86.87115915952454
271,47.0,154.000001,0.0,0,111.19508372419142,1.28,86.87115915952454
272,46.999999,154,0.0,0,111.19508372419142,1.28,86.87115915952454
273,46.0,153.000001,0.0,0,111.19508372419142,1.28,86.87115915952454
274,45.999999,153,0.0,0,111.19508372419142,1.28,86.87115915952454
275,45.999999,152,0.0,0,111.19508372419142,1.28,86.87115915952454
276,45.0,151.000001,0.0,0,111.19508372419142,1.28,86.87115915952454
277,44.999999,151,0.0,0,111.19508372419142,1.28,86.87115915952454
278,44.999999,150,0.0,0,111.19508372419142,1.28,86.87115915952454
279,44.0,149.000001,0.0,0,111.19508372419142,1.28,86.87115915952454
280,43.999999,149,0.0,0,111.19508372419142,1.28,86.87115915952454
281,43.999999,148,0.0,0,111.19508372419142,1.28,86.87115915952454
282,43.0,147.000001,0.0,0,111.19508372419142,1.28,86.87115915952454
283,42.999999,147,0.0,0,111.19508372419142,1.28,86.87115915952454
284,42.999999,146,0.0,0,111.19508372419142,1.28,86.87115915952454
285,42.0,145.000001,0.0,0,111.19508372419142,1.28,86.87115915952454
286,41.999999,145,0.0,0,111.19508372419142,1.28,86.87115915952454
287,41.999999,144,0.0,0,111.19508372419142,1.28,86.87115915952454
288,41.0,143.000001,0.0,0,111.19508372419142,1.28,86.87115915952454
289,40.0,143.000001,0.0,0,111.19508372419142,1.28,86.87115915952454
290,39.0,143.000001,0.0,0,111.19508372419142,1.28,86.87115915952454
291,38.0,143.000001,0.0,0,111.19508372419142,1.28,86.87115915952454
292,37.999999,143,0.0,0,111.19508372419142,1.28,86.87115915952454
293,37.0,142.000001,0.0,0,111.19508372419142,1.28,86.87115915952454
294,36.999999,142,0.0,0,111.19508372419142,1.28,86.87115915952454
295,36.0,141.000001,0.0,0,111.19508372419142,1.28,86.87115915952454
296,35.0,141.000001,0.0,0,111.19508372419142,1.28,86.87115915952454
297,34.999999,141,0.0,0,111.19508372419142,1.28,86.87115915952454
298,34.0,140.000001,0.0,0,111.19508372419142,1.28,86.87115915952454
299,33.000001,141,0.0,0,111.19508372419142,1.28,86.87115915952454
300,33.0,141.000001,0.0,0,111.19508372419142,1.28,86.87115915952454
301,32.0,141.000001,0.0,0,111.19508372419142,1.28,86.87115915952454
302,31.0,141.000001,0.0,0,111.19508372419142,1.28,86.87115915952454
303,30.0,141.000001,0.0,0,111.19508372419142,1.28,86.87115915952454
304,29.000001,142,0.0,0,111.19508372419142,1.28,86.87115915952454
305,29.0,142.000001,0.0,0,111.19508372419142,1.28,86.87115915952454
306,28.0,142.000001,0.0,0,111.19508372419142,1.28,86.87115915952454
307,27.0,142.000001,0.0,0,111.19508372419142,1.28,86.87115915952454
308,26.0,142.000001,0.0,0,111.19508372419142,1.28,86.87115915952454
309,25.0,142.000001,0.0,0,111.19508372419142,1.28,86.87115915952454
310,24.0,142.000001,0.0,0,111.19508372419142,1.28,86.87115915952454
311,23.0,142.000001,0.0,0,111.19508372419142,1.28,86.87115915952454
312,22.000001,143,0.0,0,111.19508372419142,1.28,86.87115915952454
313,22.000001,144,0.0,0,111.19508372419142,1.28,86.87115915952454
314,22.0,144.000001,0.0,0,111.19508372419142,1.28,86.87115915952454
315,21.000001,145,0.0,0,111.19508372419142,1.28,86.87115915952454
316,21.000001,146,0.0,0,111.19508372419142,1.28,86.87115915952454
317,21.0,146.000001,0.0,0,111.19508372419142,1.28,86.87115915952454
318,20.0,146.000001,0.0,0,111.19508372419142,1.28,86.87115915952454
319,19.999999,146,0.0,0,111.19508372419142,1.28,86.87115915952454
320,19.999999,145,0.0,0,111.19508372419142,1.28,86.87115915952454
321,20.0,144.999999,0.0,0,111.19508372419142,1.28,86.87115915952454
322,20.999999,144,0.0,0,111.19508372419142,1.28,86.87115915952454
323,21.0,143.999999,0.0,0,111.19508372419142,1.28,86.87115915952454
324,21.999999,143,0.0,0,111.19508372419142,1.28,86.87115915952454
325,23.0,141.999999,0.0,0,111.19508372419142,1.28,86.87115915952454
326,23.999999,141,0.0,0,111.19508372419142,1.28,86.87115915952454
327,24.0,140.999999,0.0,0,111.19508372419142,1.28,86.87115915952454
328,25.0,140.999999,0.0,0,111.19508372419142,1.28,86.87115915952454
329,31.0,138.999999,0.0,0,111.19508372419142,1.28,86.87115915952454
330,32.0,138.999999,0.0,0,111.19508372419142,1.28,86.87115915952454
331,32.999999,138,0.0,0,111.19508372419142,1.28,86.87115915952454
332,33.0,137.999999,0.0,0,111.19508372419142,1.28,86.87115915952454
333,33.999999,137,0.0,0,111.19508372419142,1.28,86.87115915952454
334,33.0,136.000001,0.0,0,111.19508372419142,1.28,86.87115915952454
335,32.999999,136,0.0,0,111.19508372419142,1.28,86.87115915952454
336,32.0,135.000001,0.0,0,111.19508372419142,1.28,86.87115915952454
337,31.999999,135,0.0,0,111.19508372419142,1.28,86.87115915952454
338,31.999999,134,0.0,0,111.19508372419142,1.28,86.87115915952454
339,31.0,133.000001,0.0,0,111.19508372419142,1.28,86.87115915952454
340,30.999999,133,0.0,0,111.19508372419142,1.28,86.87115915952454
341,30.0,132.000001,0.0,0,111.19508372419142,1.28,86.87115915952454
342,29.999999,132,0.0,0,111.19508372419142,1.28,86.87115915952454
343,29.0,131.000001,0.0,0,111.19508372419142,1.28,86.87115915952454
344,28.999999,131,0.0,0,111.19508372419142,1.28,86.87115915952454
345,28.0,130.000001,0.0,0,111.19508372419142,1.28,86.87115915952454
346,27.999999,130,0.0,0,111.19508372419142,1.28,86.87115915952454
347,27.0,129.000001,0.0,0,111.19508372419142,1.28,86.87115915952454
348,26.999999,129,0.0,0,111.19508372419142,1.28,86.87115915952454
349,26.0,128.000001,0.0,0,111.19508372419142,1.28,86.87115915952454
350,25.999999,128,0.0,0,111.19508372419142,1.28,86.87115915952454
351,25.0,127.000001,0.0,0,111.19508372419142,1.28,86.87115915952454
352,24.999999,127,0.0,0,111.19508372419142,1.28,86.87115915952454
353,24.0,126.000001,0.0,0,111.19508372419142,1.28,86.87115915952454
354,23.999999,126,0.0,0,111.19508372419142,1.28,86.87115915952454
355,23.999999,125,0.0,0,111.19508372419142,1.28,86.87115915952454
356,23.999999,124,0.0,0,111.19508372419142,1.28,86.87115915952454
357,23.999999,123,0.0,0,111.19508372419142,1.28,86.87115915952454
358,23.0,122.000001,0.0,0,111.19508372419142,1.28,86.87115915952454
359,22.999999,122,0.0,0,111.19508372419142,1.28,86.87115915952454
360,22.0,121.000001,0.0,0,111.19508372419142,1.28,86.87115915952454
361,21.0,121.000001,0.0,0,111.19508372419142,1.28,86.87115915952454
362,20.000001,122,0.0,0,111.19508372419142,1.28,86.87115915952454
363,20.0,122.000001,0.0,0,111.19508372419142,1.28,86.87115915952454
364,19.0,122.000001,0.0,0,111.19508372419142,1.28,86.87115915952454
365,18.0,122.000001,0.0,0,111.19508372419142,1.28,86.87115915952454
366,17.000001,123,0.0,0,111.19508372419142,1.28,86.87115915952454
367,17.0,123.000001,0.0,0,111.19508372419142,1.28,86.87115915952454
368,16.0,123.000001,0.0,0,111.19508372419142,1.28,86.87115915952454
369,15.000001000000001,124,0.0,0,111.19508372419142,1.28,86.87115915952454
370,15.0,124.000001,0.0,0,111.19508372419142,1.28,86.87115915952454
371,14.000001000000001,125,0.0,0,111.19508372419142,1.28,86.87115915952454
372,14.0,125.000001,0.0,0,111.19508372419142,1.28,86.87115915952454
373,13.0,125.000001,0.0,0,111.19508372419142,1.28,86.87115915952454
374,12.000001,126,0.0,0,111.19508372419142,1.28,86.87115915952454
375,12.0,126.000001,0.0,0,111.19508372419142,1.28,86.87115915952454
376,11.0,126.000001,0.0,0,111.19508372419142,1.28,86.87115915952454
377,10.0,126.000001,0.0,0,111.19508372419142,1.28,86.87115915952454
378,9.000001,127,0.0,0,111.19508372419142,1.28,86.87115915952454
379,9.0,127.000001,0.0,0,111.19508372419142,1.28,86.87115915952454
380,8.0,127.000001,0.0,0,111.19508372419142,1.28,86.87115915952454
381,7.0,127.000001,0.0,0,111.19508372419142,1.28,86.87115915952454
382,6.0,127.000001,0.0,0,111.19508372419142,1.28,86.87115915952454
383,5.0,127.000001,0.0,0,111.19508372419142,1.28,86.87115915952454
384,4.000001,128,0.0,0,111.19508372419142,1.28,86.87115915952454
385,5.0,128.999999,0.0,0,111.19508372419142,1.28,86.87115915952454
386,5.000001,129,0.0,0,111.19508372419142,1.28,86.87115915952454
387,5.000001,130,0.0,0,111.19508372419142,1.28,86.87115915952454
388,7.0,131.999999,0.0,0,111.19508372419142,1.28,86.87115915952454
389,7.000000999999999,132,0.0,0,111.19508372419142,1.28,86.87115915952454
390,8.0,132.999999,0.0,0,111.19508372419142,1.28,86.87115915952454
391,8.000001,133,0.0,0,111.19508372419142,1.28,86.87115915952454
392,8.000001,134,0.0,0,111.19508372419142,1.28,86.87115915952454
393,9.0,134.999999,0.0,0,111.19508372419142,1.28,86.87115915952454
394,11.000001,137,0.0,0,111.19508372419142,1.28,86.87115915952454
395,11.000001,138,0.0,0,111.19508372419142,1.28,86.87115915952454
396,11.0,138.000001,0.0,0,111.19508372419142,1.28,86.87115915952454
397,10.0,138.000001,0.0,0,111.19508372419142,1.28,86.87115915952454
398,9.0,138.000001,0.0,0,111.19508372419142,1.28,86.87115915952454
399,8.999999,138,0.0,0,111.19508372419142,1.28,86.87115915952454
400,8.0,137.000001,0.0,0,111.19508372419142,1.28,86.87115915952454
401,7.999999000000001,137,0.0,0,111.19508372419142,1.28,86.87115915952454
402,7.999999000000001,136,0.0,0,111.19508372419142,1.28,86.87115915952454
403,7.999999000000001,135,0.0,0,111.19508372419142,1.28,86.87115915952454
404,7.0,134.000001,0.0,0,111.19508372419142,1.28,86.87115915952454
405,6.999999000000001,134,0.0,0,111.19508372419142,1.28,86.87115915952454
406,6.0,133.000001,0.0,0,111.19508372419142,1.28,86.87115915952454
407,5.999999,133,0.0,0,111.19508372419142,1.28,86.87115915952454
408,4.999999,130,0.0,0,111.19508372419142,1.28,86.87115915952454
409,4.0,129.000001,0.0,0,111.19508372419142,1.28,86.87115915952454
410,3.0000009999999997,130,0.0,0,111.19508372419142,1.28,86.87115915952454
411,3.0,130.000001,0.0,0,111.19508372419142,1.28,86.87115915952454
412,2.0,130.000001,0.0,0,111.19508372419142,1.28,86.87115915952454
413,-0.9999990000010001,135,0.0,0,111.19508372419142,1.28,86.87115915952454
414,0.0,135.999999,0.0,0,111.19508372419142,1.28,86.87115915952454
415,9.99999087981e-07,136,0.0,0,111.19508372419142,1.28,86.87115915952454
416,9.99999087981e-07,137,0.0,0,111.19508372419142,1.28,86.87115915952454
417,9.99999087981e-07,138,0.0,0,111.19508372419142,1.28,86.87115915952454
418,0.0,138.000001,0.0,0,111.19508372419142,1.28,86.87115915952454
419,-0.9999990000010001,139,0.0,0,111.19508372419142,1.28,86.87115915952454
420,-0.9999990000010001,140,0.0,0,111.19508372419142,1.28,86.87115915952454
421,-1.0,140.000001,0.0,0,111.19508372419142,1.28,86.87115915952454
422,-1.999999,141,0.0,0,111.19508372419142,1.28,86.87115915952454
423,-1.999999,142,0.0,0,111.19508372419142,1.28,86.87115915952454
424,-1.0,142.999999,0.0,0,111.19508372419142,1.28,86.87115915952454
425,-0.9999990000010001,143,0.0,0,111.19508372419142,1.28,86.87115915952454
426,-0.9999990000010001,144,0.0,0,111.19508372419142,1.28,86.87115915952454
427,-0.9999990000010001,145,0.0,0,111.19508372419142,1.28,86.87115915952454
428,9.99999087981e-07,147,0.0,0,111.19508372419142,1.28,86.87115915952454
429,9.99999087981e-07,148,0.0,0,111.19508372419142,1.28,86.87115915952454
430,0.0,148.000001,0.0,0,111.19508372419142,1.28,86.87115915952454
431,-0.9999990000010001,149,0.0,0,111.19508372419142,1.28,86.87115915952454
432,-0.9999990000010001,150,0.0,0,111.19508372419142,1.28,86.87115915952454
433,-0.9999990000010001,151,0.0,0,111.19508372419142,1.28,86.87115915952454
434,-1.0,151.000001,0.0,0,111.19508372419142,1.28,86.87115915952454
435,-1.999999,152,0.0,0,111.19508372419142,1.28,86.87115915952454
436,-1.999999,153,0.0,0,111.19508372419142,1.28,86.87115915952454
437,-2.0,153.000001,0.0,0,111.19508372419142,1.28,86.87115915952454
438,-2.9999990000000003,154,0.0,0,111.19508372419142,1.28,86.87115915952454
439,-3.0,154.000001,0.0,0,111.19508372419142,1.28,86.87115915952454
440,-4.0,154.000001,0.0,0,111.19508372419142,1.28,86.87115915952454
441,-5.0,154.000001,0.0,0,111.19508372419142,1.28,86.87115915952454
442,-5.999999,155,0.0,0,111.19508372419142,1.28,86.87115915952454
443,-6.0,155.000001,0.0,0,111.19508372419142,1.28,86.87115915952454
444,-6.999999000000001,156,0.0,0,111.19508372419142,1.28,86.87115915952454
445,-6.999999000000001,157,0.0,0,111.19508372419142,1.28,86.87115915952454
446,-6.999999000000001,158,0.0,0,111.19508372419142,1.28,86.87115915952454
447,-6.999999000000001,159,0.0,0,111.19508372419142,1.28,86.87115915952454
448,-7.0,159.000001,0.0,0,111.19508372419142,1.28,86.87115915952454
449,-7.999999000000001,160,0.0,0,111.19508372419142,1.28,86.87115915952454
450,-7.999999000000001,161,0.0,0,111.19508372419142,1.28,86.87115915952454
451,-8.0,161.000001,0.0,0,111.19508372419142,1.28,86.87115915952454
452,-9.0,161.000001,0.0,0,111.19508372419142,1.28,86.87115915952454
453,-9.999999,162,0.0,0,111.19508372419142,1.28,86.87115915952454
454,-9.999999,163,0.0,0,111.19508372419142,1.28,86.87115915952454
455,-9.0,163.999999,0.0,0,111.19508372419142,1.28,86.87115915952454
456,-8.999999,164,0.0,0,111.19508372419142,1.28,86.87115915952454
457,-8.999999,165,0.0,0,111.19508372419142,1.28,86.87115915952454
458,-8.0,165.999999,0.0,0,111.19508372419142,1.28,86.87115915952454
459,-8.999999,167,0.0,0,111.19508372419142,1.28,86.87115915952454
460,-12.0,177.000001,0.0,0,111.19508372419142,1.28,86.87115915952454
461,-12.999999,178,0.0,0,111.19508372419142,1.28,86.87115915952454
462,-13.0,178.000001,0.0,0,111.19508372419142,1.28,86.87115915952454
463,-13.999998999999999,179,0.0,0,111.19508372419142,1.28,86.87115915952454
464,-13.999998999999999,180,0.0,0,111.19508372419142,1.28,86.87115915952454
465,-13.999998999999999,-179,0.0,0,111.19508372419142,1.28,86.87115915952454
466,-13.999998999999999,-178,0.0,0,111.19508372419142,1.28,86.87115915952454
467,-13.999998999999999,-177,0.0,0,111.19508372419142,1.28,86.87115915952454
468,-14.0,-176.999999,0.0,0,111.19508372419142,1.28,86.87115915952454
469,-14.999998999999999,-176,0.0,0,111.19508372419142,1.28,86.87115915952454
470,-14.999998999999999,-175,0.0,0,111.19508372419142,1.28,86.87115915952454
471,-14.999998999999999,-174,0.0,0,111.19508372419142,1.28,86.87115915952454
472,-15.0,-173.999999,0.0,0,111.19508372419142,1.28,86.87115915952454
473,-15.999998999999999,-173,0.0,0,111.19508372419142,1.28,86.87115915952454
474,-16.0,-172.999999,0.0,0,111.19508372419142,1.28,86.87115915952454
475,-17.0,-172.999999,0.0,0,111.19508372419142,1.28,86.87115915952454
476,-18.0,-172.999999,0.0,0,111.19508372419142,1.28,86.87115915952454
477,-19.0,-172.999999,0.0,0,111.19508372419142,1.28,86.87115915952454
478,-19.000001,-173,0.0,0,111.19508372419142,1.28,86.87115915952454
479,-20.0,-173.999999,0.0,0,111.19508372419142,1.28,86.87115915952454
480,-21.0,-173.999999,0.0,0,111.19508372419142,1.28,86.87115915952454
481,-21.000001,-174,0.0,0,111.19508372419142,1.28,86.87115915952454
482,-22.0,-174.999999,0.0,0,111.19508372419142,1.28,86.87115915952454
483,-23.0,-174.999999,0.0,0,111.19508372419142,1.28,86.87115915952454
484,-23.000001,-175,0.0,0,111.19508372419142,1.28,86.87115915952454
485,-24.0,-175.999999,0.0,0,111.19508372419142,1.28,86.87115915952454
486,-25.0,-175.999999,0.0,0,111.19508372419142,1.28,86.87115915952454
487,-26.0,-175.999999,0.0,0,111.19508372419142,1.28,86.87115915952454
488,-27.0,-175.999999,0.0,0,111.19508372419142,1.28,86.87115915952454
489,-27.000001,-176,0.0,0,111.19508372419142,1.28,86.87115915952454
490,-28.0,-176.999999,0.0,0,111.19508372419142,1.28,86.87115915952454
491,-29.0,-176.999999,0.0,0,111.19508372419142,1.28,86.87115915952454
492,-30.0,-176.999999,0.0,0,111.19508372419142,1.28,86.87115915952454
493,-30.000001,-177,0.0,0,111.19508372419142,1.28,86.87115915952454
494,-33.000001,-178,0.0,0,111.19508372419142,1.28,86.87115915952454
495,-34.0,-178.999999,0.0,0,111.19508372419142,1.28,86.87115915952454
496,-35.0,-178.999999,0.0,0,111.19508372419142,1.28,86.87115915952454
497,-35.000001,-179,0.0,0,111.19508372419142,1.28,86.87115915952454
498,-36.0,-179.999999,0.0,0,111.19508372419142,1.28,86.87115915952454
499,-37.0,-179.999999,0.0,0,111.19508372419142,1.28,86.87115915952454
500,-37.000001,180,0.0,0,111.19508372419142,1.28,86.87115915952454
501,-38.0,179.000001,0.0,0,111.19508372419142,1.28,86.87115915952454
502,-40.999999,-178,0.0,0,111.19508372419142,1.28,86.87115915952454
503,-41.0,-177.999999,0.0,0,111.19508372419142,1.28,86.87115915952454
504,-11.000001,152,0.0,0,111.19508372419142,1.28,86.87115915952454
505,-12.0,119.999999,0.0,0,111.19508372419142,1.28,86.87115915952454
506,-11.0,119.999999,0.0,0,111.19508372419142,1.28,86.87115915952454
507,-10.0,119.999999,0.0,0,111.19508372419142,1.28,86.87115915952454
508,-9.000001,119,0.0,0,111.19508372419142,1.28,86.87115915952454
509,-9.000001,118,0.0,0,111.19508372419142,1.28,86.87115915952454
510,-9.000001,117,0.0,0,111.19508372419142,1.28,86.87115915952454
511,-9.000001,116,0.0,0,111.19508372419142,1.28,86.87115915952454
512,-9.000001,115,0.0,0,111.19508372419142,1.28,86.87115915952454
513,-9.0,114.999999,0.0,0,111.19508372419142,1.28,86.87115915952454
514,-8.000001,114,0.0,0,111.19508372419142,1.28,86.87115915952454
515,-8.000001,113,0.0,0,111.19508372419142,1.28,86.87115915952454
516,-8.000001,112,0.0,0,111.19508372419142,1.28,86.87115915952454
517,-8.000001,111,0.0,0,111.19508372419142,1.28,86.87115915952454
518,-8.000001,110,0.0,0,111.19508372419142,1.28,86.87115915952454
519,-8.000001,109,0.0,0,111.19508372419142,1.28,86.87115915952454
520,-8.000001,108,0.0,0,111.19508372419142,1.28,86.87115915952454
521,-8.000001,107,0.0,0,111.19508372419142,1.28,86.87115915952454
522,-8.0,106.999999,0.0,0,111.19508372419142,1.28,86.87115915952454
523,-7.000000999999999,106,0.0,0,111.19508372419142,1.28,86.87115915952454
524,-7.0,105.999999,0.0,0,111.19508372419142,1.28,86.87115915952454
525,-6.000001,105,0.0,0,111.19508372419142,1.28,86.87115915952454
526,-6.000001,104,0.0,0,111.19508372419142,1.28,86.87115915952454
527,-6.000001,103,0.0,0,111.19508372419142,1.28,86.87115915952454
528,-6.000001,102,0.0,0,111.19508372419142,1.28,86.87115915952454
529,-6.0,101.999999,0.0,0,111.19508372419142,1.28,86.87115915952454
530,-5.000001,101,0.0,0,111.19508372419142,1.28,86.87115915952454
531,-5.0,100.999999,0.0,0,111.19508372419142,1.28,86.87115915952454
532,-4.000001,100,0.0,0,111.19508372419142,1.28,86.87115915952454
533,-4.0,99.999999,0.0,0,111.19508372419142,1.28,86.87115915952454
534,-3.0000009999999997,99,0.0,0,111.19508372419142,1.28,86.87115915952454
535,-3.0,98.999999,0.0,0,111.19508372419142,1.28,86.87115915952454
536,-2.0,98.999999,0.0,0,111.19508372419142,1.28,86.87115915952454
537,-1.000001,98,0.0,0,111.19508372419142,1.28,86.87115915952454
538,-1.0,97.999999,0.0,0,111.19508372419142,1.28,86.87115915952454
539,-9.99999087981e-07,97,0.0,0,111.19508372419142,1.28,86.87115915952454
540,0.0,96.999999,0.0,0,111.19508372419142,1.28,86.87115915952454
541,1.0,96.999999,0.0,0,111.19508372419142,1.28,86.87115915952454
542,1.999999,96,0.0,0,111.19508372419142,1.28,86.87115915952454
543,2.0,95.999999,0.0,0,111.19508372419142,1.28,86.87115915952454
544,2.9999990000000003,95,0.0,0,111.19508372419142,1.28,86.87115915952454
545,3.0,94.999999,0.0,0,111.19508372419142,1.28,86.87115915952454
546,3.999999,94,0.0,0,111.19508372419142,1.28,86.87115915952454
547,4.0,93.999999,0.0,0,111.19508372419142,1.28,86.87115915952454
548,5.0,93.999999,0.0,0,111.19508372419142,1.28,86.87115915952454
549,5.999999,93,0.0,0,111.19508372419142,1.28,86.87115915952454
550,6.0,92.999999,0.0,0,111.19508372419142,1.28,86.87115915952454
551,7.0,92.999999,0.0,0,111.19508372419142,1.28,86.87115915952454
552,8.0,92.999999,0.0,0,111.19508372419142,1.28,86.87115915952454
553,8.999999,92,0.0,0,111.19508372419142,1.28,86.87115915952454
554,9.0,91.999999,0.0,0,111.19508372419142,1.28,86.87115915952454
555,10.0,91.999999,0.0,0,111.19508372419142,1.28,86.87115915952454
556,11.0,91.999999,0.0,0,111.19508372419142,1.28,86.87115915952454
557,12.0,91.999999,0.0,0,111.19508372419142,1.28,86.87115915952454
558,13.0,91.999999,0.0,0,111.19508372419142,1.28,86.87115915952454
559,22.999999,67,0.0,0,111.19508372419142,1.28,86.87115915952454
560,23.0,66.999999,0.0,0,111.19508372419142,1.28,86.87115915952454
561,24.0,66.999999,0.0,0,111.19508372419142,1.28,86.87115915952454
562,24.999999,66,0.0,0,111.19508372419142,1.28,86.87115915952454
563,24.0,65.000001,0.0,0,111.19508372419142,1.28,86.87115915952454
564,23.999999,65,0.0,0,111.19508372419142,1.28,86.87115915952454
565,23.999999,64,0.0,0,111.19508372419142,1.28,86.87115915952454
566,23.0,63.000001,0.0,0,111.19508372419142,1.28,86.87115915952454
567,22.999999,63,0.0,0,111.19508372419142,1.28,86.87115915952454
568,56.0,169.999999046,0.0,0,111.19508372419142,1.28,86.87115915952454
569,55.0,169.999999046,0.0,0,111.19508372419142,1.28,86.87115915952454
570,54.000000953699995,169,0.0,0,111.19508372419142,1.28,86.87115915952454
571,55.0,168.000000954,0.0,0,111.19508372419142,1.28,86.87115915952454
572,55.000000953699995,168,0.0,0,111.19508372419142,1.28,86.87115915952454
573,55.000000953699995,167,0.0,0,111.19508372419142,1.28,86.87115915952454
574,56.0,166.000000954,0.0,0,111.19508372419142,1.28,86.87115915952454
575,56.000000953699995,166,0.0,0,111.19508372419142,1.28,86.87115915952454
576,57.0,165.000000954,0.0,0,111.19508372419142,1.28,86.87115915952454
577,57.999999046300005,166,0.0,0,111.19508372419142,1.28,86.87115915952454
578,49.000000953699995,-123,0.0,0,111.19508372419142,1.28,86.87115915952454
579,50.0,-123.999999046,0.0,0,111.19508372419142,1.28,86.87115915952454
580,42.999999,7,0.0,0,111.19508372419142,1.28,86.87115915952454
581,42.0,7.99999904633,0.0,0,111.19508372419142,1.28,86.87115915952454
582,41.0,7.99999904633,0.0,0,111.19508372419142,1.28,86.87115915952454
583,40.0,7.99999904633,0.0,0,111.19508372419142,1.28,86.87115915952454
584,39.0,7.99999904633,0.0,0,111.19508372419142,1.28,86.87115915952454
585,38.999999046300005,8,0.0,0,111.19508372419142,1.28,86.87115915952454
586,38.999999046300005,9,0.0,0,111.19508372419142,1.28,86.87115915952454
587,38.0,9.99999904633,0.0,0,111.19508372419142,1.28,86.87115915952454
588,37.000000953699995,9,0.0,0,111.19508372419142,1.28,86.87115915952454
589,37.000000953699995,8,0.0,0,111.19508372419142,1.28,86.87115915952454
590,37.000000953699995,7,0.0,0,111.19508372419142,1.28,86.87115915952454
591,37.000000953699995,6,0.0,0,111.19508372419142,1.28,86.87115915952454
592,37.0,5.99999904633,0.0,0,111.19508372419142,1.28,86.87115915952454
593,36.000000953699995,5,0.0,0,111.19508372419142,1.28,86.87115915952454
594,37.0,4.00000095367,0.0,0,111.19508372419142,1.28,86.87115915952454
595,37.000000953699995,4,0.0,0,111.19508372419142,1.28,86.87115915952454
596,37.0,3.99999904633,0.0,0,111.19508372419142,1.28,86.87115915952454
597,36.000000953699995,3,0.0,0,111.19508372419142,1.28,86.87115915952454
598,36.000000953699995,2,0.0,0,111.19508372419142,1.28,86.87115915952454
599,36.000000953699995,1,0.0,0,111.19508372419142,1.28,86.87115915952454
600,37.0,9.53674316406e-07,0.0,0,111.19508372419142,1.28,86.87115915952454
601,37.999999046300005,1,0.0,0,111.19508372419142,1.28,86.87115915952454
602,38.0,1.00000095367,0.0,0,111.19508372419142,1.28,86.87115915952454
603,38.999999046300005,2,0.0,0,111.19508372419142,1.28,86.87115915952454
604,38.999999046300005,3,0.0,0,111.19508372419142,1.28,86.87115915952454
605,38.999999046300005,4,0.0,0,111.19508372419142,1.28,86.87115915952454
606,38.999999046300005,5,0.0,0,111.19508372419142,1.28,86.87115915952454
607,39.0,5.00000095367,0.0,0,111.19508372419142,1.28,86.87115915952454
608,42.0,6.00000095367,0.0,0,111.19508372419142,1.28,86.87115915952454
609,42.999999,7,0.0,0,111.19508372419142,1.28,86.87115915952454
610,39.999999046300005,20,0.0,0,111.19508372419142,1.28,86.87115915952454
611,39.0,20.9999990463,0.0,0,111.19508372419142,1.28,86.87115915952454
612,38.999999046300005,21,0.0,0,111.19508372419142,1.28,86.87115915952454
613,38.0,21.9999990463,0.0,0,111.19508372419142,1.28,86.87115915952454
614,37.0,21.9999990463,0.0,0,111.19508372419142,1.28,86.87115915952454
615,36.999999046300005,22,0.0,0,111.19508372419142,1.28,86.87115915952454
616,36.0,22.9999990463,0.0,0,111.19508372419142,1.28,86.87115915952454
617,35.999999046300005,23,0.0,0,111.19508372419142,1.28,86.87115915952454
618,35.0,23.9999990463,0.0,0,111.19508372419142,1.28,86.87115915952454
619,29.0000009537,134,0.0,0,111.19508372419142,1.28,86.87115915952454
620,29.0,134.000001,0.0,0,111.19508372419142,1.28,86.87115915952454
621,28.999999,134,0.0,0,111.19508372419142,1.28,86.87115915952454
622,29.0,133.999999,0.0,0,111.19508372419142,1.28,86.87115915952454
623,29.0000009537,134,0.0,0,111.19508372419142,1.28,86.87115915952454
624,25.0000009537,131,0.0,0,111.19508372419142,1.28,86.87115915952454
625,25.0,131.000001,0.0,0,111.19508372419142,1.28,86.87115915952454
626,24.999999,131,0.0,0,111.19508372419142,1.28,86.87115915952454
627,25.0,130.999999,0.0,0,111.19508372419142,1.28,86.87115915952454
628,25.0000009537,131,0.0,0,111.19508372419142,1.28,86.87115915952454
629,19.999999,119,0.0,0,111.19508372419142,1.28,86.87115915952454
630,19.0,119.999999046,0.0,0,111.19508372419142,1.28,86.87115915952454
631,18.0,119.999999046,0.0,0,111.19508372419142,1.28,86.87115915952454
632,17.0,119.999999046,0.0,0,111.19508372419142,1.28,86.87115915952454
633,16.0,119.999999046,0.0,0,111.19508372419142,1.28,86.87115915952454
634,15.0,119.999999046,0.0,0,111.19508372419142,1.28,86.87115915952454
635,14.0,119.999999046,0.0,0,111.19508372419142,1.28,86.87115915952454
636,13.999999046300001,120,0.0,0,111.19508372419142,1.28,86.87115915952454
637,13.0,120.999999046,0.0,0,111.19508372419142,1.28,86.87115915952454
638,12.000000953699999,120,0.0,0,111.19508372419142,1.28,86.87115915952454
639,12.000000953699999,119,0.0,0,111.19508372419142,1.28,86.87115915952454
640,12.000000953699999,118,0.0,0,111.19508372419142,1.28,86.87115915952454
641,18.9999990463,117,0.0,0,111.19508372419142,1.28,86.87115915952454
642,18.9999990463,118,0.0,0,111.19508372419142,1.28,86.87115915952454
643,19.0,118.000000954,0.0,0,111.19508372419142,1.28,86.87115915952454
644,19.999999,119,0.0,0,111.19508372419142,1.28,86.87115915952454
645,14.999998999999999,143,0.0,0,111.19508372419142,1.28,86.87115915952454
646,17.0000009537,146,0.0,0,111.19508372419142,1.28,86.87115915952454
647,17.0,146.000001,0.0,0,111.19508372419142,1.28,86.87115915952454
648,16.0,146.000001,0.0,0,111.19508372419142,1.28,86.87115915952454
649,15.999998999999999,146,0.0,0,111.19508372419142,1.28,86.87115915952454
650,16.0,145.999999,0.0,0,111.19508372419142,1.28,86.87115915952454
651,17.0,145.999999,0.0,0,111.19508372419142,1.28,86.87115915952454
652,17.0000009537,146,0.0,0,111.19508372419142,1.28,86.87115915952454
653,13.000000953699999,-73,0.0,0,111.19508372419142,1.28,86.87115915952454
654,13.0,-73.0000009537,0.0,0,111.19508372419142,1.28,86.87115915952454
655,12.000000953699999,-74,0.0,0,111.19508372419142,1.28,86.87115915952454
656,12.0,-74.0000009537,0.0,0,111.19508372419142,1.28,86.87115915952454
657,11.000000953699999,-75,0.0,0,111.19508372419142,1.28,86.87115915952454
658,11.0,-75.0000009537,0.0,0,111.19508372419142,1.28,86.87115915952454
659,10.0,-75.0000009537,0.0,0,111.19508372419142,1.28,86.87115915952454
660,9.00000095367,-76,0.0,0,111.19508372419142,1.28,86.87115915952454
661,9.00000095367,-77,0.0,0,111.19508372419142,1.28,86.87115915952454
662,10.0,-77.9999990463,0.0,0,111.19508372419142,1.28,86.87115915952454
663,11.0,-77.9999990463,0.0,0,111.19508372419142,1.28,86.87115915952454
664,12.0,-77.9999990463,0.0,0,111.19508372419142,1.28,86.87115915952454
665,13.0,-77.9999990463,0.0,0,111.19508372419142,1.28,86.87115915952454
666,13.999999046300001,-77,0.0,0,111.19508372419142,1.28,86.87115915952454
667,14.0,-76.9999990463,0.0,0,111.19508372419142,1.28,86.87115915952454
668,14.999999046300001,-76,0.0,0,111.19508372419142,1.28,86.87115915952454
669,14.000000953699999,145,0.0,0,111.19508372419142,1.28,86.87115915952454
670,14.0,145.000001,0.0,0,111.19508372419142,1.28,86.87115915952454
671,13.999998999999999,145,0.0,0,111.19508372419142,1.28,86.87115915952454
672,14.0,144.999999,0.0,0,111.19508372419142,1.28,86.87115915952454
673,14.000000953699999,145,0.0,0,111.19508372419142,1.28,86.87115915952454
674,13.000000953699999,140,0.0,0,111.19508372419142,1.28,86.87115915952454
675,13.000001,141,0.0,0,111.19508372419142,1.28,86.87115915952454
676,13.000001,142,0.0,0,111.19508372419142,1.28,86.87115915952454
677,13.0,142.000001,0.0,0,111.19508372419142,1.28,86.87115915952454
678,12.999999,142,0.0,0,111.19508372419142,1.28,86.87115915952454
679,12.0,141.000001,0.0,0,111.19508372419142,1.28,86.87115915952454
680,11.999999,141,0.0,0,111.19508372419142,1.28,86.87115915952454
681,11.999999,140,0.0,0,111.19508372419142,1.28,86.87115915952454
682,11.999999,139,0.0,0,111.19508372419142,1.28,86.87115915952454
683,12.0,138.999999,0.0,0,111.19508372419142,1.28,86.87115915952454
684,12.000001,139,0.0,0,111.19508372419142,1.28,86.87115915952454
685,13.0,139.999999,0.0,0,111.19508372419142,1.28,86.87115915952454
686,13.000000953699999,140,0.0,0,111.19508372419142,1.28,86.87115915952454
687,13.000000953699999,144,0.0,0,111.19508372419142,1.28,86.87115915952454
688,13.0,144.000001,0.0,0,111.19508372419142,1.28,86.87115915952454
689,12.999999,144,0.0,0,111.19508372419142,1.28,86.87115915952454
690,13.0,143.999999,0.0,0,111.19508372419142,1.28,86.87115915952454
691,13.000000953699999,144,0.0,0,111.19508372419142,1.28,86.87115915952454
692,12.999999,122,0.0,0,111.19508372419142,1.28,86.87115915952454
693,12.0,122.999999046,0.0,0,111.19508372419142,1.28,86.87115915952454
694,11.000000953699999,122,0.0,0,111.19508372419142,1.28,86.87115915952454
695,11.0,121.999999046,0.0,0,111.19508372419142,1.28,86.87115915952454
696,10.999999046300001,122,0.0,0,111.19508372419142,1.28,86.87115915952454
697,10.0,122.999999046,0.0,0,111.19508372419142,1.28,86.87115915952454
698,9.0,122.999999046,0.0,0,111.19508372419142,1.28,86.87115915952454
699,8.00000095367,122,0.0,0,111.19508372419142,1.28,86.87115915952454
700,8.0,121.999999046,0.0,0,111.19508372419142,1.28,86.87115915952454
701,7.00000095367,121,0.0,0,111.19508372419142,1.28,86.87115915952454
702,7.0,120.999999046,0.0,0,111.19508372419142,1.28,86.87115915952454
703,6.00000095367,120,0.0,0,111.19508372419142,1.28,86.87115915952454
704,6.00000095367,119,0.0,0,111.19508372419142,1.28,86.87115915952454
705,7.0,118.000000954,0.0,0,111.19508372419142,1.28,86.87115915952454
706,7.00000095367,118,0.0,0,111.19508372419142,1.28,86.87115915952454
707,8.99999904633,119,0.0,0,111.19508372419142,1.28,86.87115915952454
708,9.0,119.000000954,0.0,0,111.19508372419142,1.28,86.87115915952454
709,10.0,119.000000954,0.0,0,111.19508372419142,1.28,86.87115915952454
710,10.999999046300001,120,0.0,0,111.19508372419142,1.28,86.87115915952454
711,11.0,120.000000954,0.0,0,111.19508372419142,1.28,86.87115915952454
712,11.999999046300001,121,0.0,0,111.19508372419142,1.28,86.87115915952454
713,12.0,121.000000954,0.0,0,111.19508372419142,1.28,86.87115915952454
714,12.999999,122,0.0,0,111.19508372419142,1.28,86.87115915952454
715,12.000000953699999,143,0.0,0,111.19508372419142,1.28,86.87115915952454
716,12.0,143.000001,0.0,0,111.19508372419142,1.28,86.87115915952454
717,11.999999,143,0.0,0,111.19508372419142,1.28,86.87115915952454
718,12.0,142.999999,0.0,0,111.19508372419142,1.28,86.87115915952454
719,12.000000953699999,143,0.0,0,111.19508372419142,1.28,86.87115915952454
720,7.999999000000001,123,0.0,0,111.19508372419142,1.28,86.87115915952454
721,7.0,123.999999046,0.0,0,111.19508372419142,1.28,86.87115915952454
722,6.99999904633,124,0.0,0,111.19508372419142,1.28,86.87115915952454
723,6.0,124.999999046,0.0,0,111.19508372419142,1.28,86.87115915952454
724,5.99999904633,125,0.0,0,111.19508372419142,1.28,86.87115915952454
725,5.0,125.999999046,0.0,0,111.19508372419142,1.28,86.87115915952454
726,4.0,125.999999046,0.0,0,111.19508372419142,1.28,86.87115915952454
727,3.0,125.999999046,0.0,0,111.19508372419142,1.28,86.87115915952454
728,2.0,125.999999046,0.0,0,111.19508372419142,1.28,86.87115915952454
729,1.00000095367,125,0.0,0,111.19508372419142,1.28,86.87115915952454
730,1.00000095367,124,0.0,0,111.19508372419142,1.28,86.87115915952454
731,1.00000095367,123,0.0,0,111.19508372419142,1.28,86.87115915952454
732,1.00000095367,122,0.0,0,111.19508372419142,1.28,86.87115915952454
733,1.00000095367,121,0.0,0,111.19508372419142,1.28,86.87115915952454
734,1.00000095367,120,0.0,0,111.19508372419142,1.28,86.87115915952454
735,2.0,119.000000954,0.0,0,111.19508372419142,1.28,86.87115915952454
736,2.0000009536700003,119,0.0,0,111.19508372419142,1.28,86.87115915952454
737,3.0,118.000000954,0.0,0,111.19508372419142,1.28,86.87115915952454
738,4.0,118.000000954,0.0,0,111.19508372419142,1.28,86.87115915952454
739,4.99999904633,119,0.0,0,111.19508372419142,1.28,86.87115915952454
740,4.99999904633,120,0.0,0,111.19508372419142,1.28,86.87115915952454
741,5.0,120.000000954,0.0,0,111.19508372419142,1.28,86.87115915952454
742,5.99999904633,121,0.0,0,111.19508372419142,1.28,86.87115915952454
743,6.0,121.000000954,0.0,0,111.19508372419142,1.28,86.87115915952454
744,6.99999904633,122,0.0,0,111.19508372419142,1.28,86.87115915952454
745,7.0,122.000000954,0.0,0,111.19508372419142,1.28,86.87115915952454
746,7.999999000000001,123,0.0,0,111.19508372419142,1.28,86.87115915952454
747,0.9999990000010001,118,0.0,0,111.19508372419142,1.28,86.87115915952454
748,0.9999990463259999,119,0.0,0,111.19508372419142,1.28,86.87115915952454
749,0.0,119.999999046,0.0,0,111.19508372419142,1.28,86.87115915952454
750,-1.0,119.999999046,0.0,0,111.19508372419142,1.28,86.87115915952454
751,-1.99999904633,119,0.0,0,111.19508372419142,1.28,86.87115915952454
752,-1.0,117.000000954,0.0,0,111.19508372419142,1.28,86.87115915952454
753,0.0,117.000000954,0.0,0,111.19508372419142,1.28,86.87115915952454
754,0.9999990000010001,118,0.0,0,111.19508372419142,1.28,86.87115915952454
755,-2.0000009999999997,144,0.0,0,111.19508372419142,1.28,86.87115915952454
756,-2.0000009536700003,145,0.0,0,111.19508372419142,1.28,86.87115915952454
757,-2.0000009536700003,146,0.0,0,111.19508372419142,1.28,86.87115915952454
758,-2.0000009536700003,147,0.0,0,111.19508372419142,1.28,86.87115915952454
759,-2.0000009536700003,148,0.0,0,111.19508372419142,1.28,86.87115915952454
760,-2.0000009536700003,149,0.0,0,111.19508372419142,1.28,86.87115915952454
761,-2.0000009536700003,150,0.0,0,111.19508372419142,1.28,86.87115915952454
762,-3.0,150.999999046,0.0,0,111.19508372419142,1.28,86.87115915952454
763,-3.00000095367,151,0.0,0,111.19508372419142,1.28,86.87115915952454
764,-4.0,151.999999046,0.0,0,111.19508372419142,1.28,86.87115915952454
765,-4.99999904633,151,0.0,0,111.19508372419142,1.28,86.87115915952454
766,-5.0,150.999999046,0.0,0,111.19508372419142,1.28,86.87115915952454
767,-5.99999904633,150,0.0,0,111.19508372419142,1.28,86.87115915952454
768,-5.99999904633,149,0.0,0,111.19508372419142,1.28,86.87115915952454
769,-5.99999904633,148,0.0,0,111.19508372419142,1.28,86.87115915952454
770,-5.0,147.000000954,0.0,0,111.19508372419142,1.28,86.87115915952454
771,-4.99999904633,147,0.0,0,111.19508372419142,1.28,86.87115915952454
772,-4.99999904633,146,0.0,0,111.19508372419142,1.28,86.87115915952454
773,-4.99999904633,145,0.0,0,111.19508372419142,1.28,86.87115915952454
774,-4.0,144.000000954,0.0,0,111.19508372419142,1.28,86.87115915952454
775,-3.99999904633,144,0.0,0,111.19508372419142,1.28,86.87115915952454
776,-3.0,143.000000954,0.0,0,111.19508372419142,1.28,86.87115915952454
777,-2.0000009999999997,144,0.0,0,111.19508372419142,1.28,86.87115915952454
778,-4.00000095367,130,0.0,0,111.19508372419142,1.28,86.87115915952454
779,-5.0,130.999999046,0.0,0,111.19508372419142,1.28,86.87115915952454
780,-5.99999904633,130,0.0,0,111.19508372419142,1.28,86.87115915952454
781,-6.0,129.999999046,0.0,0,111.19508372419142,1.28,86.87115915952454
782,-6.99999904633,129,0.0,0,111.19508372419142,1.28,86.87115915952454
783,-7.0,128.999999046,0.0,0,111.19508372419142,1.28,86.87115915952454
784,-7.99999904633,128,0.0,0,111.19508372419142,1.28,86.87115915952454
785,-7.0,127.000000954,0.0,0,111.19508372419142,1.28,86.87115915952454
786,-6.99999904633,127,0.0,0,111.19508372419142,1.28,86.87115915952454
787,-6.0,126.000000954,0.0,0,111.19508372419142,1.28,86.87115915952454
788,-5.00000095367,127,0.0,0,111.19508372419142,1.28,86.87115915952454
789,-5.000001,153,0.0,0,111.19508372419142,1.28,86.87115915952454
790,-6.0,153.999999046,0.0,0,111.19508372419142,1.28,86.87115915952454
791,-6.00000095367,154,0.0,0,111.19508372419142,1.28,86.87115915952454
792,-7.0,154.999999046,0.0,0,111.19508372419142,1.28,86.87115915952454
793,-8.0,154.999999046,0.0,0,111.19508372419142,1.28,86.87115915952454
794,-8.00000095367,155,0.0,0,111.19508372419142,1.28,86.87115915952454
795,-8.00000095367,156,0.0,0,111.19508372419142,1.28,86.87115915952454
796,-8.00000095367,157,0.0,0,111.19508372419142,1.28,86.87115915952454
797,-9.0,157.999999046,0.0,0,111.19508372419142,1.28,86.87115915952454
798,-9.99999904633,157,0.0,0,111.19508372419142,1.28,86.87115915952454
799,-10.0,156.999999046,0.0,0,111.19508372419142,1.28,86.87115915952454
800,-10.999999046300001,156,0.0,0,111.19508372419142,1.28,86.87115915952454
801,-10.999999046300001,155,0.0,0,111.19508372419142,1.28,86.87115915952454
802,-10.999999046300001,154,0.0,0,111.19508372419142,1.28,86.87115915952454
803,-10.0,153.000000954,0.0,0,111.19508372419142,1.28,86.87115915952454
804,-9.00000095367,154,0.0,0,111.19508372419142,1.28,86.87115915952454
805,-9.0,154.000000954,0.0,0,111.19508372419142,1.28,86.87115915952454
806,-8.99999904633,154,0.0,0,111.19508372419142,1.28,86.87115915952454
807,-8.99999904633,153,0.0,0,111.19508372419142,1.28,86.87115915952454
808,-8.99999904633,152,0.0,0,111.19508372419142,1.28,86.87115915952454
809,-8.0,151.000000954,0.0,0,111.19508372419142,1.28,86.87115915952454
810,-7.99999904633,151,0.0,0,111.19508372419142,1.28,86.87115915952454
811,-7.0,150.000000954,0.0,0,111.19508372419142,1.28,86.87115915952454
812,-6.00000095367,151,0.0,0,111.19508372419142,1.28,86.87115915952454
813,-6.00000095367,152,0.0,0,111.19508372419142,1.28,86.87115915952454
814,-6.0,152.000000954,0.0,0,111.19508372419142,1.28,86.87115915952454
815,-5.000001,153,0.0,0,111.19508372419142,1.28,86.87115915952454
816,-9.000001,152,0.0,0,111.19508372419142,1.28,86.87115915952454
817,-10.0,152.999999046,0.0,0,111.19508372419142,1.28,86.87115915952454
818,-10.999999046300001,152,0.0,0,111.19508372419142,1.28,86.87115915952454
819,-10.0,151.000000954,0.0,0,111.19508372419142,1.28,86.87115915952454
820,-9.000001,152,0.0,0,111.19508372419142,1.28,86.87115915952454
821,-10.000001,161,0.0,0,111.19508372419142,1.28,86.87115915952454
822,-11.0,161.999999046,0.0,0,111.19508372419142,1.28,86.87115915952454
823,-11.000000953699999,162,0.0,0,111.19508372419142,1.28,86.87115915952454
824,-11.000000953699999,163,0.0,0,111.19508372419142,1.28,86.87115915952454
825,-11.000000953699999,164,0.0,0,111.19508372419142,1.28,86.87115915952454
826,-11.0,164.000000954,0.0,0,111.19508372419142,1.28,86.87115915952454
827,-10.0000009537,165,0.0,0,111.19508372419142,1.28,86.87115915952454
828,-11.0,165.999999046,0.0,0,111.19508372419142,1.28,86.87115915952454
829,-12.0,165.999999046,0.0,0,111.19508372419142,1.28,86.87115915952454
830,-12.999999046300001,165,0.0,0,111.19508372419142,1.28,86.87115915952454
831,-13.0,164.999999046,0.0,0,111.19508372419142,1.28,86.87115915952454
832,-14.0,164.999999046,0.0,0,111.19508372419142,1.28,86.87115915952454
833,-15.0,164.999999046,0.0,0,111.19508372419142,1.28,86.87115915952454
834,-15.999999046300001,164,0.0,0,111.19508372419142,1.28,86.87115915952454
835,-16.0,163.999999046,0.0,0,111.19508372419142,1.28,86.87115915952454
836,-13.999999046300001,162,0.0,0,111.19508372419142,1.28,86.87115915952454
837,-13.999999046300001,161,0.0,0,111.19508372419142,1.28,86.87115915952454
838,-13.0,160.000000954,0.0,0,111.19508372419142,1.28,86.87115915952454
839,-12.000000953699999,161,0.0,0,111.19508372419142,1.28,86.87115915952454
840,-12.0,161.000000954,0.0,0,111.19508372419142,1.28,86.87115915952454
841,-11.999999046300001,161,0.0,0,111.19508372419142,1.28,86.87115915952454
842,-11.0,160.000000954,0.0,0,111.19508372419142,1.28,86.87115915952454
843,-10.000001,161,0.0,0,111.19508372419142,1.28,86.87115915952454
844,-23.0,169.000000954,0.0,0,111.19508372419142,1.28,86.87115915952454
845,-18.0,169.000000954,0.0,0,111.19508372419142,1.28,86.87115915952454
846,-17.0,169.000000954,0.0,0,111.19508372419142,1.28,86.87115915952454
847,-16.9999990463,169,0.0,0,111.19508372419142,1.28,86.87115915952454
848,-16.0,168.000000954,0.0,0,111.19508372419142,1.28,86.87115915952454
849,-15.0,168.000000954,0.0,0,111.19508372419142,1.28,86.87115915952454
850,-14.0,168.000000954,0.0,0,111.19508372419142,1.28,86.87115915952454
851,-13.0,168.000000954,0.0,0,111.19508372419142,1.28,86.87115915952454
852,-12.0,168.000000954,0.0,0,111.19508372419142,1.28,86.87115915952454
853,-12.000001,158,0.0,0,111.19508372419142,1.28,86.87115915952454
854,-12.000001,158,0.0,0,111.19508372419142,1.28,86.87115915952454
855,-16.000001,165,0.0,0,111.19508372419142,1.28,86.87115915952454
856,-16.0000009537,166,0.0,0,111.19508372419142,1.28,86.87115915952454
857,-16.0000009537,167,0.0,0,111.19508372419142,1.28,86.87115915952454
858,-17.0,167.999999046,0.0,0,111.19508372419142,1.28,86.87115915952454
859,-18.0,167.999999046,0.0,0,111.19508372419142,1.28,86.87115915952454
860,-18.0000009537,168,0.0,0,111.19508372419142,1.28,86.87115915952454
861,-19.0,168.999999046,0.0,0,111.19508372419142,1.28,86.87115915952454
862,-20.0,168.999999046,0.0,0,111.19508372419142,1.28,86.87115915952454
863,-20.0000009537,169,0.0,0,111.19508372419142,1.28,86.87115915952454
864,-21.9999990463,169,0.0,0,111.19508372419142,1.28,86.87115915952454
865,-21.0,168.000000954,0.0,0,111.19508372419142,1.28,86.87115915952454
866,-20.9999990463,168,0.0,0,111.19508372419142,1.28,86.87115915952454
867,-20.9999990463,167,0.0,0,111.19508372419142,1.28,86.87115915952454
868,-20.0,166.000000954,0.0,0,111.19508372419142,1.28,86.87115915952454
869,-19.9999990463,166,0.0,0,111.19508372419142,1.28,86.87115915952454
870,-19.0,165.000000954,0.0,0,111.19508372419142,1.28,86.87115915952454
871,-18.9999990463,165,0.0,0,111.19508372419142,1.28,86.87115915952454
872,-18.0,164.000000954,0.0,0,111.19508372419142,1.28,86.87115915952454
873,-17.0,164.000000954,0.0,0,111.19508372419142,1.28,86.87115915952454
874,-16.000001,165,0.0,0,111.19508372419142,1.28,86.87115915952454
875,-16.0000009537,-176,0.0,0,111.19508372419142,1.28,86.87115915952454
876,-17.0,-175.000000954,0.0,0,111.19508372419142,1.28,86.87115915952454
877,-17.0000009537,-175,0.0,0,111.19508372419142,1.28,86.87115915952454
878,-18.0,-174.000000954,0.0,0,111.19508372419142,1.28,86.87115915952454
879,-19.0,-174.000000954,0.0,0,111.19508372419142,1.28,86.87115915952454
880,-20.0,-174.000000954,0.0,0,111.19508372419142,1.28,86.87115915952454
881,-20.9999990463,-175,0.0,0,111.19508372419142,1.28,86.87115915952454
882,-21.0,-175.000000954,0.0,0,111.19508372419142,1.28,86.87115915952454
883,-22.0,-175.000000954,0.0,0,111.19508372419142,1.28,86.87115915952454
884,-22.9999990463,-176,0.0,0,111.19508372419142,1.28,86.87115915952454
885,-22.9999990463,-177,0.0,0,111.19508372419142,1.28,86.87115915952454
886,-22.9999990463,-178,0.0,0,111.19508372419142,1.28,86.87115915952454
887,-54.999999,-34,0.0,0,111.19508372419142,1.28,86.87115915952454
888,-55.0,-33.999999,0.0,0,111.19508372419142,1.28,86.87115915952454
889,-55.000001,-34,0.0,0,111.19508372419142,1.28,86.87115915952454
890,-55.999999046300005,-28,0.0,0,111.19508372419142,1.28,86.87115915952454
891,-55.999999,-27,0.0,0,111.19508372419142,1.28,86.87115915952454
892,-55.999999,-26,0.0,0,111.19508372419142,1.28,86.87115915952454
893,-56.0,-25.999999,0.0,0,111.19508372419142,1.28,86.87115915952454
894,-56.999999,-25,0.0,0,111.19508372419142,1.28,86.87115915952454
895,-57.0,-24.999999,0.0,0,111.19508372419142,1.28,86.87115915952454
896,-58.0,-24.999999,0.0,0,111.19508372419142,1.28,86.87115915952454
897,-58.000001,-25,0.0,0,111.19508372419142,1.28,86.87115915952454
898,-59.0,-25.999999,0.0,0,111.19508372419142,1.28,86.87115915952454
899,-59.000001,-26,0.0,0,111.19508372419142,1.28,86.87115915952454
900,-60.0,-26.999999,0.0,0,111.19508372419142,1.28,86.87115915952454
901,-60.000001,-27,0.0,0,111.19508372419142,1.28,86.87115915952454
902,-60.000001,-28,0.0,0,111.19508372419142,1.28,86.87115915952454
903,-60.0,-28.000001,0.0,0,111.19508372419142,1.28,86.87115915952454
904,-59.999999,-28,0.0,0,111.19508372419142,1.28,86.87115915952454
905,-59.0,-27.000001,0.0,0,111.19508372419142,1.28,86.87115915952454
906,-58.999999,-27,0.0,0,111.19508372419142,1.28,86.87115915952454
907,-58.0,-26.000001,0.0,0,111.19508372419142,1.28,86.87115915952454
908,-57.000001,-27,0.0,0,111.19508372419142,1.28,86.87115915952454
909,-57.0,-27.000001,0.0,0,111.19508372419142,1.28,86.87115915952454
910,-56.000001,-28,0.0,0,111.19508372419142,1.28,86.87115915952454
911,-56.0,-28.000001,0.0,0,111.19508372419142,1.28,86.87115915952454
912,-55.999999046300005,-28,0.0,0,111.19508372419142,1.28,86.87115915952454
913,-60.0,-31.999999,0.0,0,111.19508372419142,1.28,86.87115915952454
